sexual content,racism,violence,offensive
,bangalan,acid,4r5e
,bangali,acid attack,5h1t
,bangali babu,attack,5hit
,biharan,attack,8===D
,,bomb,8==D
aai ghalya,bihari,cruel,8=D
aeolus,black,cruelty,a55
ahole,blacks,date rape,a55hole
americunt,chinese,daterape,abuse
anal,gringo,drug,abused
anal impaler,hijda,hang,abusing
anal leakage,hijra,hijacker,
analprobe,islam,hung,
anilingus,islam.,kidnap,
ass,islamic,kill,ahole
B. S,islamophobia,kill,americunt
baa nan tunne nekku,islamophobia,killed,
balls,jew,killer,anaathai kaluthai
bangbros,jews,killing,anal
bareback,mallu,murder,anal impaler
barely legal,malu,murder,anal leakage
barenaked,muslim,murdered,analprobe
bbw,nazi,rape,anilingus
bdsm,negro,rape,anus
beaner,negro,rape,apeshit
beaners,negros,rape,apna land choos
beardedclam,neonazi,raped,ar5e
beastial,nigga,raped,arian
beastiality,niggas,raped,arrse
beatch,nigger,raped,arse
beaver,niggers,raper,arsehole
beaver cleaver,paki,rapey,arses
beaver lips,racist,,aryan
bedhei pua,racists,,chakka
benegod,white power,,abey
bestial,,raping,sala
bestiality,chinki,,saala
betichod,ching chong,,ass
bhosad pappu,,,ass fuck
big black,,rapists,ass hole
big breasts,,serial killer,assbag
big knockers,,suicide,assbandit
big tits,,terrorism,assbang
bigtits,,terrorist,assbanged
bin gotyaachya,,violence,assbanger
bitch,,violent,assbangs
bitchy,,suicide,assbite
biya chudi,,sucidal,assclown
black cock,,,asscock
blonde action,,,asscracker
blonde on blonde action,,,asses
blow,,,assface
blow job,,,assfaces
blow me,,,assfuck
blow mud,,,assfucker
blow your load,,,ass-fucker
blowjob,,,assfukka
blowjobs,,,assgoblin
bondage,,,assh0le
boned,,,asshat
boner,,,ass-hat
boners,,,asshead
boob,,,assho1e
boob,,,
boobies,,,bhosdike
booblay,,,madarjaat
boobs,,,bhosdi
booby,,,bhosdiwaala
booobs,,,asshole
boooobs,,,bhosdiwaale
bootie,,,assholes
booty,,,asshopper
booty call,,,ass-jabber
bootylicious,,,assjacker
bosom,,,asslick
bosomy,,,asslicker
brainwashed,,,assmaster
breasts,,,assmonkey
breeder,,,assmucus
bukkake,,,assmunch
bull,,,assmuncher
bullcrap,,,assnigger
bulli chokya,,,asspirate
bund,,,ass-pirate
bust a load,,,
busty,,,
butt,,,
butt,,,
butt fuck,,,
butt plug,,,
buttcheeks,,,
buttfuck,,,
buttfucka,,,
buttfucker,,,
butthole,,,
butthurt,,,
buttmuch,,,
buttmunch,,,
butt-pirate,,,b!tch
buttplug,,,B. S
chandi,,,b00bs
chhed,,,b17ch
chinaal,,,b1tch
chodhru,,,baby batter
chodu,,,baby juice
choot,,,badir
chudam chudai,,,badirchand
chudh,,,bahen ke laude
chut,,,bahen ke takke
chuda,,,bahenchod
chudai,,,bakland
cl1t,,,ball gag
climax,,,ball gravy
clit,,,ball kicking
clit licker,,,ball licking
clitface,,,ball sack
clitfuck,,,ball sucking
clitoris,,,ballbag
clits,,,chutiya
clitty,,,chutiye
cock,,,balls
cocksucker,,,ballsack
cum,,,bandaa
cum chugger,,,barf
cum dumpster,,,madar
cum freak,,,lauda
cum guzzler,,,laude
cumbubble,,,bastard
cumdump,,,bastardo
cumdumpster,,,betichod
cumguzzler,,,bastards
cumjockey,,,bastinado
cummer,,,bc
cummin,,,beeyotch
cumming,,,beotch
cums,,,bescumber
cumshot,,,beti chod
cumshots,,,bhadva
cumslut,,,bhadwe
cumstain,,,bhandva
cumtart,,,bhonsdiwala
cunilingus,,,bhootnee ka
cunillingus,,,bhootnee-ke
cunnie,,,bhootneka
cunnilingus,,,biatch
cunny,,,bima ni gudung
cunt,,,bimbo
cunt,,,bimbos
c-u-n-t,,,lund
cyberfuc,,,chusega
cyberfuck,,,bokachoda
cyberfucked,,,bitch
cyberfucker,,,bitchass
cyberfucking,,,bitched
dawgie-style,,,bitcher
deep throat,,,bitchers
deepthroat,,,bitches
dic,,,bitches
dick,,,bitchin
dick,,,bitching
dicks,,,bitchtits
dong,,,bitchy
douchebag,,,bitchy
dry hump,,,bloody
dumbass,,,bloody hell
dumbfuck,,,blow me
dumbfuck,,,boka choda
ejaculate,,,bollock
ejaculated,,,bollocks
ejaculates,,,bollok
ejaculating,,,bollox
ejaculating,,,bong
ejaculatings,,,bong
ejaculation,,,Bong
ejakulate,,,boob
erect,,,boob
erection,,,booger
erotic,,,bookie
erotism,,,boong
escort,,,booze
essohbee,,,boozer
eunuch,,,boozy
extacy,,,brainwashed
extasy,,,brainwashed
f u c k,,,breasts
f u c k e r,,,brotherfucker
f.u.c.k,,,brown showers
,,,brunette action
fellate,,,BS
fellatio,,,bsdk
feltch,,,bugger
feltcher,,,bull
female squirting,,,bull shit
femdom,,,
fingerbang,,,bullcrap
fingerfuck,,,bullshit
fingerfucked,,,bullshits
fingerfucker,,,bullshitted
fingerfuckers,,,bum
fingerfucking,,,bummer
fingerfucks,,,bung
fingering,,,bung hole
fist fuck,,,bunghole
fisted,,,butt
fistfuck,,,
fistfucked,,,butthurt
fistfucker,,,c.0.c.k
fistfuckers,,,c.o.c.k.
fistfuckings,,,c.u.n.t
fistfucks,,,c0ck
fisting,,,c-0-c-k
fondle,,,c0cksucker
fooker,,,camgirl
foot fetish,,,camslut
footjob,,,camwhore
foreskin,,,cervix
fuck,,,charyo
fuck,,,chick with a dick
fuckass,,,child-fucker
fucked,,,chinky
fucken,,,chode
fucker,,,chodel
fuckers,,,chodes
fuckhead,,,chutan
fuckin,,,chutia
fucking,,,chutiya
fucks,,,cocain
fucktard,,,cocaine
gaand ma ghal,,,gand
gaandu,,,gaand
gaen,,,
gashti,,,cock
gayee de,,,c-o-c-k
gaysex,,,cock pocket
genitals,,,cock snot
giant cock,,,cock sucker
girl on top,,,cockass
girls gone wild,,,cockbite
goatfuckers,,,cockblock
god-king,,,cockburger
golden shower,,,cockeye
goldenshower,,,cockface
grope,,,cockfucker
group sex,,,cockhead
gspot,,,cockholster
g-spot,,,cockjockey
hand job,,,cockknocker
handjob,,,cockknoker
hard core,,,cocklump
hard on,,,cockmaster
hardcore,,,cockmongler
hardcoresex,,,cockmongruel
hentai,,,cockmonkey
horny,,,cockmunch
hotsex,,,cockmuncher
incest,,,cocknose
intercourse,,,cocknugget
jack-off,,,cocks
jhaant,,,cockshit
jhant,,,cocksmith
jism,,,cocksmoke
jiz,,,cocksmoker
jizm,,,cocksniffer
jizm,,,cocksuck
jizz,,,cocksucked
jizzed,,,
kanjar,,,
khankir pola,,,cocksucker
kinky,,,cock-sucker
kondum,,,cocksuckers
kondums,,,cocksucking
kooch,,,cocksucks
kooches,,,cocksuka
kootch,,,cocksukka
koothi mayir,,,cockwaffle
kraut,,,coital
kum,,,cok
kummer,,,cokmuncher
kumming,,,coksucka
kums,,,commie
kunilingus,,,coochy
kunja,,,coon
kunna,,,coward
kunt,,,
kutey ja putta,,,crackwhore
kuttaar baaccha,,,lube
,,,lust
,,,lusting
,,,lusty
majigod,,,kutta
male squirting,,,Ullu ka pattha
masterb8,,,chudayega
masterbat*,,,suar
masterbat3,,,aulad
masterbate,,,napoonsak
master-bate,,,cunt
masterbating,,,chakka
masterbation,,,cuntass
masterbations,,,cuntbag
masturbate,,,cuntface
masturbating,,,cunthole
masturbation,,,cunthunter
missionary position,,,cuntlick
morons,,,cuntlicker
motherfucker,,,cuntrag
motherfucker,,,
motherfuckers,,,
motherfucking,,,cunts
nin hendruna kaiya,,,cuntsicle
nipple,,,cuntslut
nipples,,,cunt-struck
nude,,,d0ng
nudity,,,d0uch3
octopussy,,,d0uche
orgasm,,,d1ck
orgasmic,,,d1ld0
orgasms,,,d1ldo
orgies,,,
orgy,,,damnit
p.u.s.s.y,,,delusional
p.u.s.s.y.,,,devil
p0rn,,,
pantie,,,dick
panties,,,dick head
panty,,,dick hole
penial,,,
penile,,,dickbag
penis,,,dickbeaters
porn,,,dickdipper
porno,,,dickface
pornography,,,dickflipper
pornos,,,dickfuck
prick,,,dickfucker
pussy,,,dickhead
pusy,,,dickheads
queer,,,dickhole
retards,,,dickish
reverse cowgirl,,,dick-ish
s&m,,,dickjuice
sandniggers,,,dickmilk
scat,,,dickmonger
scissoring,,,dickripper
screw,,,dicks
screwed,,,dicksipper
scumbag,,,dickslap
shit hole,,,dick-sneeze
shithead,,,dicksucker
shits,,,dicksucking
shitstain,,,dicktickler
suck,,,dickwad
sucking,,,dickweasel
sucks,,,dickweed
sucks,,,dickwhipper
sudirbai,,,dickwod
thong,,,dickzipper
tiddies,,,diddle
tit,,,
tit,,,dildo
tit wank,,,dildos
titfuck,,,dimwit
titi,,,dingle
tities,,,dlck
tits,,,dog
titt,,,dog style
tittie5,,,dog-fucker
tittiefucker,,,doggie style
titties,,,doggiestyle
titty,,,doggie-style
tittyfuck,,,doggy style
tittyfucker,,,doggystyle
tittywank,,,doggy-style
titwank,,,dogs
upskirt,,,dominatrix
vagina.,,,dommes
vulva,,,
,,,dong
,,,doochbag
,,,doofus
,,,dopey
,,,double dong
,,,double penetration
,,,douch3
,,,douche
,,,douchebag
,,,douchebags
,,,douche-fag
,,,douchey
,,,duche
,,,dumass
,,,dumb ass
,,,dumbass
,,,dumbasses
,,,dumbcunt
,,,dumbfuck
,,,dumbshit
,,,dummy
,,,dumshit
,,,fack
,,,fag
,,,fagbag
,,,fagfucker
,,,fagg
,,,fagged
,,,fagging
,,,faggit
,,,faggot
,,,faggotcock
,,,faggots
,,,faggs
,,,fagot
,,,fagots
,,,fags
,,,fagtard
,,,faig
,,,faigt
,,,fanny
,,,fannybandit
,,,fannyflaps
,,,fannyfucker
,,,fanyy
,,,fart
,,,fartknocker
,,,fatass
,,,fcuk
,,,fcuker
,,,fcuking
,,,fecal
,,,feck
,,,fecker
,,,floozy
,,,foobar
,,,fook
,,,frigg
,,,frigga
,,,frigging
,,,frotting
,,,fubar
,,,fuc
,,,fuck
,,,f-u-c-k
,,,fuck bag
,,,fuck buttons
,,,fuck hole
,,,fuck me
,,,fuck off
,,,fuck off
,,,fuck puppet
,,,fuck trophy
,,,fuck up
,,,fuck yo mama
,,,fuck you
,,,fucka
,,,fuckass
,,,fuckass
,,,fuckass
,,,fuck-ass
,,,fuckbag
,,,fuck-bitch
,,,fuckboy
,,,fuckbrain
,,,fuckbutt
,,,fuckbutter
,,,fucked
,,,fucked up
,,,fuckedup
,,,fucken
,,,fucker
,,,fuckers
,,,fuckersucker
,,,fuckface
,,,fuckhead
,,,fuckheads
,,,fuckhole
,,,fuckin
,,,fucking
,,,fuckings
,,,fuckme
,,,fuckmeat
,,,fucknugget
,,,fucknut
,,,fucknutt
,,,fuckoff
,,,fucks
,,,fuckstick
,,,fucktard
,,,fuck-tard
,,,fucktards
,,,fucktart
,,,fucktoy
,,,fucktwat
,,,fuckup
,,,fuckwad
,,,fuckwhit
,,,fuckwit
,,,fuckwitt
,,,fuk
,,,fuker
,,,fukker
,,,fukkers
,,,fukkin
,,,fuks
,,,fukwhit
,,,fukwit
,,,fuq
,,,futanari
,,,fux
,,,fux0r
,,,fvck
,,,fxck
,,,gaand me ghusa lo
,,,gae
,,,gai
,,,gandu
,,,gang bang
,,,gangbang
,,,gang-bang
,,,gangbanged
,,,gangbangs
,,,ganja
,,,gash
,,,gashti
,,,gawar
,,,gawarlog
,,,gay sex
,,,gay
,,,gayass
,,,gaybob
,,,gaydo
,,,gayfuck
,,,gayfuckist
,,,gaylord
,,,gays
,,,gaytard
,,,gaywad
,,,gender bender
,,,gey
,,,gfy
,,,ghasti
,,,ghay
,,,ghey
,,,gigolo
,,,ginger
,,,go to hell
,,,goatfuckers
,,,going to hell
,,,golla jwphrugra
,,,gonad
,,,gonads
,,,goregasm
,,,gtfo
,,,gudda
,,,h0m0
,,,h0mo
,,,haraami
,,,haram zada
,,,harami
,,,he11
,,,hell
,,,heroin
,,,herp
,,,herpes
,,,herpy
,,,heshe
,,,he-she
,,,hitler
,,,hiv
,,,hobag
,,,hoe
,,,hoer
,,,hole
,,,hom0
,,,homey
,,,homo
,,,homodumbshit
,,,homoerotic
,,,homoey
,,,homphobia
,,,honkey
,,,honky
,,,hooch
,,,hookah
,,,hooker
,,,hoor
,,,hootch
,,,hooter
,,,hooters
,,,hore
,,,horniest
horny,,,
,,,horseshit
,,,hot chick
hottie,,,
,,,huge fat
,,,hui thu
,,,idiot
,,,idiotic
,,,idiots
,,,inbred
,,,incompetent
,,,incompetent
,,,injun
,,,islam
,,,islamophobia
,,,jack off
,,,jackass
,,,jackasses
,,,jackhole
,,,jackoff
,,,jack-off
,,,jagoff
,,,jail bait
,,,jailbait
,,,jap
,,,japs
,,,jelly donut
,,,jerk
,,,jerk off
,,,jerk0ff
,,,jerkass
,,,jerked
,,,jerkoff
,,,jerk-off
,,,jhaant
,,,jhalla
,,,junkie
,,,junky
,,,kafir
,,,kamina
,,,kashuba
,,,kickass
,,,kinbaku
,,,kinkster
,,,koothara
,,,kukka sulli
,,,kussu koodhi
,,,kutte ka beej
,,,kutte ki jaat
,,,labia
,,,lameass
,,,lardass
,,,lavda
,,,lavde
,,,leper
,,,madar chod
,,,lesbian
,,,loin
,,,loins
,,,look stupid
,,,looney
,,,lund
,,,m0f0
,,,m0fo
,,,m45terbate
,,,ma chudi
,,,ma5terb8
,,,ma5terbate
,,,maa chudi
,,,madarchod
,,,masochist
,,,mc
,,,menses
,,,meth
,,,m-fucking
,,,microphallus
,,,middle finger
,,,midget
,,,milf
,,,mof0
,,,mofo
,,,mo-fo
,,,molest
,,,moron
,,,morons
,,,mothafuck
,,,mothafucka
,,,mothafuckas
,,,mothafuckaz
,,,mothafucked
,,,mothafucker
,,,mothafuckers
,,,mothafuckin
,,,mothafucking
,,,mothafucking
,,,mothafuckings
,,,mothafucks
,,,mother fucker
,,,motherfuck
,,,motherfucka
,,,motherfucked
,,,motherfucker
,,,motherfuckers
,,,motherfuckin
,,,motherfucking
,,,motherfuckings
,,,motherfuckka
,,,motherfucks
,,,mound of venus
,,,muth maar
,,,mutha
,,,muthafecker
,,,muthafuckker
,,,muther
,,,mutherfucker
,,,n1gga
,,,n1gger
,,,na mai mathu
,,,najayaz
,,,nig nog
,,,nigaboo
,,,nigg3r
,,,nigg4h
,,,nigga
,,,niggah
,,,niggas
,,,niggaz
,,,nigger
,,,nigger
,,,niggers
,,,niggle
,,,niglet
,,,nig-nog
,,,nimphomania
,,,nipples
,,,numbnuts
,,,nut butter
,,,nut sack
,,,nutsack
,,,nutter
,,,nympho
,,,nymphomania
,,,omorashi
,,,opiate
,,,opium
,,,orgasim
,,,orgasims
,,,ovary
,,,paedophile
,,,pansy
,,,pecker
,,,peckerhead
,,,pedo
,,,pedobear
,,,pedophile
,,,pedophilia
,,,pedophiliac
,,,pee
,,,peepee
,,,penetrate
,,,penetration
,,,penisbanger
,,,penisfucker
,,,penispuffer
,,,perversion
,,,phallic
,,,phone sex
,,,phonesex
,,,phuck
,,,phuk
,,,phuked
,,,phuking
,,,phukked
,,,phukking
,,,phuks
,,,phuq
,,,pigfucker
,,,pikey
,,,pimp
,,,pimpis
,,,pinko
,,,piss
,,,piss flaps
,,,piss off
,,,pissed
,,,pissed off
,,,pisser
,,,pissers
,,,pisses
,,,pissflaps
,,,pissin
,,,pissin
,,,pissing
,,,pissoff
,,,piss-off
,,,pisspig
,,,playboy
,,,polack
,,,pole smoker
,,,polesmoker
,,,poon
,,,poonani
,,,poonany
,,,poontang
,,,poop
,,,poop chute
,,,poopchute
,,,Poopuncher
,,,potty
,,,prick
,,,pricks
,,,prickteaser
,,,pron
,,,prostitute
,,,prude
,,,psycho
,,,pube
,,,pubes
,,,pubic
,,,pubis
,,,punani
,,,punanny
,,,punany
,,,punkass
,,,punky
,,,punta
,,,puss
,,,pusse
,,,pussi
,,,pussies
,,,pussy
,,,pussy fart
,,,pussy palace
,,,pussylicking
,,,pussypounder
,,,pussys
,,,pust
,,,puto
,,,queaf
,,,queef
,,,queer
,,,queerbait
,,,queerhole
,,,queero
,,,queers
,,,queers
,,,quicky
,,,quim
,,,racist
,,,racists
,,,racists
,,,racy
,,,raghead
,,,raging boner
,,,randi
,,,randwa
,,,raunch
,,,rectal
,,,rectum
,,,rectus
,,,reetard
,,,retard
,,,retardation
,,,retarded
,,,retarded
,,,retards.
,,,rimjob
,,,rimming
,,,ritard
,,,rtard
,,,r-tard
,,,rubbish
,,,rum
,,,s.h.i.t.
,,,s.o.b.
,,,s0b
,,,sadi hui gand
,,,sandniggers
,,,sandniggers
,,,scag
,,,schlong
,,,scrot
,,,scrote
,,,scrotum
,,,scrud
,,,scum
,,,scumbag
,,,scumbags
,,,seduce
,,,seks
,,,semen
,,,sex
,,,sexo
,,,sexual
,,,sexy
,,,sh!t
,,,sh1t
,,,s-h-1-t
,,,shag
,,,shagger
,,,shaggin
,,,shagging
,,,shaved beaver
,,,shaved pussy
,,,shemale
,,,shit
,,,s-h-i-t
,,,shit ass
,,,shit fucker
,,,shitass
,,,shitbag
,,,shitbagger
,,,shitblimp
,,,shitbrains
,,,shitbreath
,,,shitcanned
,,,shitcunt
,,,shitdick
,,,shite
,,,shiteater
,,,shited
,,,shitey
,,,shitface
,,,shitfaced
,,,shitfuck
,,,shitfull
,,,shithead
,,,shithead
,,,shithead
,,,shitheads
,,,shithole
,,,shit-hole
,,,shit-hole
,,,shithouse
,,,shiting
,,,shitings
,,,shits
,,,shits.
,,,shitspitter
,,,shitstain
,,,shitt
,,,shitted
,,,shitter
,,,shitters
,,,shitters
,,,shittier
,,,shittiest
,,,shitting
,,,shittings
,,,shitty
,,,shiz
,,,shiznit
,,,shota
,,,shrimping
,,,sissy
,,,skag
,,,skank
,,,skeet
skullfuck,,,
,,,slag
,,,slanteye
,,,slave
,,,sleaze
,,,sleazy
,,,slope
slut,,,raand
slut bucket,,,gandwaa
slutbag,,,bhenchod
slutdumper,,,
slutkiss,,,
sluts,,,
,,,smartass
,,,smartasses
,,,smeg
smegma,,,
smut,,,
smutty,,,
,,,snatch
,,,sniper
,,,snowballing
,,,snuff
,,,s-o-b
,,,sod off
,,,sodom
,,,sodomize
,,,sodomy
,,,son of a bitch
,,,son-of-a-bitch
,,,son-of-a-bitch
,,,son-of-a-bitch
,,,soover
,,,souse
,,,soused
sperm,,,
spread legs,,,
,,,spunk
,,,stfu
,,,stiffy
,,,stoned
strap on,,,
strapon,,,
strip,,,
,,,stupid
,,,stupidity
,,,style doggy
,,,suck
,,,suckass
,,,sucked
,,,suckers
,,,sucking
,,,sucks
,,,suicide girls
,,,sultry women
,,,sumofabiatch
,,,suwar
,,,swastikav
,,,swinger
,,,t1t
,,,t1tt1e5
,,,t1tties
,,,tampon
,,,tard
,,,taste my
,,,terrorist
,,,terrorists
,,,teste
,,,testee
,,,testes
,,,testical
,,,testicle
,,,testis
,,,threesome
,,,throating
,,,thrust
,,,thug
,,,tinkle
,,,tit
,,,toots
,,,topless
,,,tosser
,,,towelhead
,,,tramp
,,,tranny
,,,trashy
,,,turd
,,,tush
,,,tushy
,,,tw4t
,,,twat
,,,twathead
,,,twatlips
,,,twats
,,,twatting
,,,twatty
,,,unclefucker
,,,undies
,,,undressing
,,,unwed
,,,urethra play
,,,urinal
,,,urine
,,,urophilia
,,,uterus
,,,v14gra
,,,v1gra
,,,vag
,,,vagina
,,,vagina.
,,,vajayjay
,,,va-j-j
,,,valium
,,,venus mound
,,,verri puka
,,,vibrator
,,,virgin
,,,vixen
,,,vjayjay
,,,vulgar
,,,wank
,,,wanker
,,,wankjob
,,,wanky
,,,weenie
,,,weewee
,,,weiner
,,,weirdo
,,,wench
,,,wet dream
,,,wetback
,,,wh0re
,,,wh0reface
,,,whoar
,,,whoralicious
,,,whore
,,,whorealicious
,,,whorebag
,,,whored
,,,whoreface
,,,whorehopper
,,,whorehouse
,,,whores
,,,whoring
,,,wigger
,,,willies
,,,willy
,,,wiseass
,,,wiseasses
,,,worthless
,,,xrated
,,,x-rated
,,,xx
,,,xxx
,,,yaoi
,,,zoophilia
,,,behenchod
,,,bhadwa
,,,bharwa
,,,bhosdiwale
,,,bhosda
,,,bhosada
,,,hijade
,,,gadhe
,,,gaandu
,,,haramkhor
,,,napunsak
,,,hijda
,,,beti chod
,,,madar chod
,,,behen chod
,,,chuth
,,,namard
,,,haraam
,,,haram
,,,kutte
,,,najayaz
,,,tatti
,,,chutia
,,,bakchod
,,,aulaad
,,,dalla
,,,harami
,,,kameena
,,,gadha
